,feature-month_end_date,target-month_start_date,feat1_0,feat1_1,feat1_2,feat1_3,feat1_4,feat1_5,feat1_6,feat1_7,feat1_8,feat1_9,feat2_0.3,feat2_0.4,feat2_0.5,feat2_0.6,feat2_0.7,feat2_0.8,feat2_0.9,feat3_eq_0,feat3_eq_1,feat3_bd_0,feat3_bd_1,feat3_com_0,feat3_com_1
0,2001-03-30,2001-04-02,0.41681608132213444,0.1519649390537533,0.1453067470657617,0.06205186477582568,0.05354256402390233,0.03532412374822222,0.02369712554937358,0.02203277850368839,0.016979009117737174,0.014783730773788575,1,1,2,3,3,5,8,0.5554828765874261,0.20285763927946443,0.7746154992357378,0.20952594182088846,0.582855935309465,0.19376103970332773
1,2001-04-30,2001-05-01,0.48011189269635157,0.17031754818627196,0.10925084183132536,0.06378786378580541,0.034040836121197314,0.024338561356027615,0.023633067650727282,0.01798138397276201,0.01638207297094136,0.012958747185466607,1,1,2,2,3,4,7,0.6292018090121699,0.19344169528009414,0.853708529047869,0.12425799600880812,0.5609206791487571,0.2500339429420919
2,2001-05-31,2001-06-01,0.4863492268425487,0.16523843075481262,0.08599489208025766,0.06913168324350234,0.03222446522082235,0.028609513547998462,0.026519910369334442,0.02146941614333388,0.01971515466307843,0.015429369488700958,1,1,2,2,3,4,8,0.6432721597415991,0.183716816285066,0.8666754402538673,0.11992517074047758,0.46238508192185007,0.2583804330707343
3,2001-06-29,2001-07-02,0.433256102912379,0.18683761368553173,0.07853776046930444,0.06916078449896075,0.044620099025697295,0.03768813810293305,0.030821555791733655,0.02504637449731927,0.02060658970947179,0.015921123253325245,1,1,2,2,4,5,8,0.6375324912533015,0.14283241360489307,0.8201129727621952,0.16653819767336003,0.49296291930505864,0.22563954936305475
4,2001-07-31,2001-08-01,0.32221036967312927,0.18852350133882392,0.1337543901459763,0.08617916057752227,0.06857751174048392,0.048018372750700006,0.03281058869711785,0.024243473065631387,0.02019531908376751,0.01554569690472832,1,2,2,3,4,6,8,0.5615783232593992,0.14446342743173154,0.7861130000913491,0.20374874724590603,0.3981782010716859,0.2875093220502951
5,2001-08-31,2001-09-04,0.32689591440034454,0.20448391397510493,0.1320920787382681,0.08478189792259441,0.06064314377523269,0.042297576664975134,0.03319544082666568,0.021644291993882413,0.01812591291589796,0.013802310119985721,1,2,2,3,4,5,8,0.5896067483524711,0.12118970838933459,0.7315314896521264,0.25665808718273186,0.42039673808979705,0.28471805995526167
6,2001-09-28,2001-10-01,0.5906290695689441,0.1937357493302893,0.051148725601431334,0.04550055972494609,0.025934692489443134,0.02127775073354485,0.018459699320767436,0.013547777637757387,0.008576546475042711,0.008061738041197376,1,1,1,2,2,3,5,0.81541025984157,0.06496740033241001,0.7771021162345968,0.21952808773826368,0.5827583731454146,0.21933257109046253
7,2001-10-31,2001-11-01,0.6194058589766961,0.18741696555202625,0.04327083283579581,0.0378657831177665,0.022013409674532882,0.02081684213825087,0.015112741762560562,0.011229172644766122,0.009539384273699396,0.006928597664186104,1,1,1,1,2,2,5,0.8204502244521081,0.05887539337133505,0.7614153245930055,0.23302104269779841,0.642164999340041,0.19974392473373626
8,2001-11-30,2001-12-03,0.5557545721923993,0.270577164218197,0.04215743947126874,0.030560238855916768,0.01878128264156502,0.016948061338111265,0.015428628800515052,0.011139217376882614,0.009234418884241681,0.006246234695118767,1,1,1,2,2,2,5,0.8086911504670514,0.06982047555713303,0.6095111067637425,0.3840032882033299,0.7047216855363152,0.16991924196740876
9,2001-12-28,2002-01-02,0.39355247127386167,0.297628725482845,0.0681701889203544,0.049869039066770315,0.03529966628989876,0.028686045427167052,0.026849535445874814,0.020905495424683212,0.017841031173211546,0.012887231002336356,1,2,2,2,3,4,7,0.5981603340049075,0.15737589927465154,0.9069976573887296,0.07847178332272695,0.7123076585169339,0.12900761847563452
10,2002-01-31,2002-02-01,0.4523219118961224,0.2333254971853214,0.08482527814233067,0.0529789751552763,0.03429202336741432,0.02664135984336895,0.022166650135817954,0.016180701989449122,0.015707244399575073,0.014593223790604806,1,1,2,2,3,4,7,0.5724832001397783,0.15529346876124542,0.9226857253369793,0.06425196228709848,0.7141429807703306,0.14496400286122746
11,2002-02-28,2002-03-01,0.3983220502806834,0.23709976068680053,0.11309829124375656,0.05836650585492229,0.032665862915667344,0.03199049349390739,0.024996037892210183,0.019551309731550708,0.018087838552618838,0.015397505775094206,1,2,2,2,3,4,8,0.6125947669402593,0.1121390816846102,0.9142256514782062,0.06355183127726177,0.6371827660279228,0.2066968174947526
12,2002-03-28,2002-04-02,0.38577598908407956,0.24028896348865864,0.12355480430864721,0.05089811727801032,0.04571853193620722,0.03232646654184552,0.02152128436502931,0.020237648964402492,0.017266567084211967,0.014788447359065579,1,2,2,2,3,4,7,0.6414478640306197,0.10479700557122257,0.8664219045273551,0.1097134291845044,0.6002855673938212,0.2413781875118386
13,2002-04-30,2002-05-01,0.36661208777459053,0.270527806733474,0.10470770538758359,0.051790409630899426,0.04403099526491812,0.03602431577597571,0.02545000417844228,0.021133773974371214,0.014767498676253054,0.013419045660071243,1,2,2,2,3,5,8,0.649797536585082,0.09024040892410905,0.8520969611366849,0.10712015050507766,0.5986381399832251,0.22016790472329734
14,2002-05-31,2002-06-05,0.4075732819752232,0.2140862278587998,0.12188875448702827,0.052210298362303995,0.04316843720955188,0.03067664820995723,0.027550368020929333,0.02435962150427178,0.017886948681115792,0.016364656795159797,1,1,2,2,3,5,8,0.6672491919986829,0.08497924890632892,0.8966048564209352,0.06613439618821802,0.5271823083377665,0.2781972735129552
15,2002-06-28,2002-07-01,0.4022020434427625,0.2004955745078018,0.13196067415228363,0.04965194588860467,0.04776943565834971,0.033877103075702526,0.026375207425523274,0.022559671836064322,0.016417037710879698,0.014621638889868725,1,1,2,2,3,5,8,0.6682641844418453,0.08385732876840758,0.5517397743857422,0.42826486840288197,0.48561375758248126,0.3139354501109775
16,2002-07-31,2002-08-01,0.4881019558502961,0.14812656373586125,0.08159144825637468,0.06752748622208307,0.05578341584004416,0.040929666700759454,0.03311416412793829,0.022475178860412063,0.015682013634592127,0.011306171879371647,1,1,2,2,3,5,7,0.6932261650239828,0.09674455369093508,0.5109324628251497,0.4669801664337591,0.46530484721303594,0.2631384889102504
17,2002-08-30,2002-09-03,0.5566461314113298,0.1135636798287286,0.07132740202855227,0.05722262497572322,0.03949160488762928,0.036011398881183335,0.03342865072855799,0.0236924288102881,0.016730166118852835,0.013141943134627573,1,1,1,2,3,5,7,0.7365192341478546,0.06697407866371675,0.5059784640431276,0.47142308010092066,0.45022545903524913,0.23427434338553546
18,2002-09-30,2002-10-01,0.5924312859992531,0.09507216298737298,0.06432413268059048,0.0578959285213065,0.04445754834467063,0.03652310433595789,0.029638523170796092,0.01988653077042002,0.013109968153697013,0.012812736127835364,1,1,1,2,3,4,7,0.7570547893255561,0.06718047359291797,0.6985290904001356,0.268154811967185,0.41371490735001026,0.25618713538980514
19,2002-10-31,2002-11-01,0.6339596224199127,0.07213150946734413,0.06462582742263523,0.04866193876506354,0.03561508455753686,0.030847358990023253,0.026513600802881624,0.021930470590850078,0.013825760399239332,0.012127568205048742,1,1,1,1,2,4,7,0.767010245488473,0.06578535237597946,0.7487249320631347,0.21234859274985737,0.3699077487469136,0.32376854571235386
20,2002-11-27,2002-12-02,0.6016076840802986,0.08822278155127146,0.07335256395490188,0.05392352111480649,0.045168605037939,0.03182149621330146,0.025834676923275283,0.02045476469436423,0.012418836533852624,0.010658861094399188,1,1,1,1,3,4,7,0.7518612254753889,0.0717586925940045,0.6828471957700138,0.28053527926394667,0.40271428678152305,0.3540283566166142
21,2002-12-31,2003-01-02,0.5570172204954458,0.11839183198631487,0.08251637126684448,0.058378018946298814,0.05093287129359123,0.0290114307977124,0.022273740307951723,0.016960828914803383,0.013033131323390896,0.011234706600090518,1,1,1,2,3,4,7,0.7364160234764594,0.07853135676533048,0.6942176688282183,0.2649304058595178,0.4666905383712842,0.332876279213103
22,2003-01-31,2003-02-03,0.48003131679033706,0.1868321999857167,0.09496735771061249,0.04884937821399123,0.044424284127259045,0.03299466056318829,0.023029491982571242,0.02126549611142262,0.013619490749480094,0.011859013953226409,1,1,2,2,3,4,7,0.7339133991701554,0.07358507122727428,0.7766728691131928,0.1991729081366208,0.5228025524303606,0.26663852842996993
23,2003-02-28,2003-03-03,0.4383655783617308,0.2114527644389315,0.08374415994414657,0.059236491808951304,0.05066369591843101,0.03592043013091152,0.025522394134447075,0.022783478111333487,0.01838902937141072,0.011625066159647526,1,1,2,2,3,5,7,0.7210387691092636,0.08804696251141877,0.8273898530073516,0.15790348503965088,0.5270326964379188,0.20285305492741282
24,2003-03-31,2003-04-01,0.5177746564765638,0.20829563619137312,0.07190244136559984,0.04544527390936549,0.03817962015756761,0.02388723917348667,0.021559317232383416,0.018763766999050364,0.011025467818312068,0.009310969353079018,1,1,1,2,2,4,6,0.7832704090336935,0.07189199222687175,0.8335431852945129,0.15767158047524796,0.6405165180912261,0.15859101433916348
25,2003-04-30,2003-05-01,0.5718963509572672,0.1651250520616587,0.07601356028930524,0.04262745102027386,0.03789027373572179,0.01928296255335715,0.01746297556050316,0.013859723120184976,0.010395369765722506,0.009239330136140205,1,1,1,2,2,3,6,0.7853302707019609,0.08066639201461095,0.7862683048468216,0.20524118660580873,0.6825426730205519,0.13649039647702182
26,2003-05-30,2003-06-02,0.5352152689736903,0.20295307828134312,0.08465793701504035,0.0372629796677695,0.028290029236477263,0.024865720611001448,0.0165974255465833,0.015751072939270548,0.011685235125253959,0.009781014942045873,1,1,1,2,2,3,6,0.7933814101170014,0.06970303964481954,0.7922183550058165,0.1960372015693246,0.6727995562847727,0.16395409354254745
27,2003-06-30,2003-07-01,0.39451573107915594,0.261646681903733,0.1013510900432553,0.04605343485246412,0.04181025168736366,0.033327699027059725,0.024904426204455873,0.019625803367312834,0.017539268991905967,0.013208907441632441,1,2,2,2,3,4,7,0.7127605627397859,0.09769005393195611,0.8098455240867338,0.1815217900469666,0.5850878218799359,0.19126797412899227
28,2003-07-31,2003-08-01,0.3779739323192829,0.2129004243849994,0.11149972666002261,0.07404761032556659,0.05346137773835315,0.03573543768960227,0.025838492399731874,0.021049168712680384,0.016080355469928212,0.015167506756143982,1,2,2,3,3,5,8,0.74605163597307,0.07092575616616478,0.8980569611021171,0.09560396530393105,0.4282822137489986,0.22066779771828995
29,2003-08-29,2003-09-02,0.3328045951847922,0.22395597897607042,0.11954873750633044,0.08143097285429717,0.0772474219647992,0.034108099111902386,0.027373057675819507,0.020266685813342563,0.017293109068969064,0.011250089671031442,1,2,2,3,4,5,8,0.7206444087543742,0.07370521965956768,0.8657346838916595,0.1254767439070789,0.4255829396019532,0.20913930743525125
30,2003-09-30,2003-10-01,0.38207227258582604,0.1672959833045829,0.11919954996120317,0.09397718938808025,0.08721845369692026,0.03894259519457007,0.025703016912020902,0.015653258617020084,0.013214627660918533,0.009709334426888129,1,2,2,3,4,5,7,0.7177965830659557,0.08585087090335788,0.888142290868313,0.10415658998815408,0.421751709182502,0.21163003854986853
31,2003-10-31,2003-11-03,0.3175771909050562,0.23302810055886272,0.12963953925159646,0.09657440903680473,0.07043661480079727,0.03843946770871043,0.02945350131840084,0.015499893454309494,0.011734670959519055,0.010292315236453487,1,2,2,3,4,5,7,0.6836512448448525,0.09605693189801646,0.9073227679365904,0.0838310409624774,0.4482146563553128,0.2094496633233498
32,2003-11-26,2003-12-01,0.38288979876357326,0.21114415522256774,0.10197521365794435,0.0952206488456887,0.07565586045241036,0.031102719617149728,0.02585029347446771,0.012783710807696776,0.012058699915521503,0.009524095521506258,1,2,2,3,4,5,7,0.7030099755150677,0.08974345158994586,0.9582294193982985,0.03556606317750665,0.5165285191576492,0.16821030852484478
33,2003-12-31,2004-01-05,0.3248301064652297,0.22460617335303634,0.11870878657870332,0.11427205967127359,0.0719894469260163,0.03377967712520144,0.0278407825585678,0.015697367585974117,0.012216357401765882,0.010949022936454477,1,2,2,3,4,5,7,0.6503985262917038,0.10297909103324876,0.961933332828013,0.03242484573127351,0.48581895298761557,0.17521953922957695
34,2004-01-30,2004-02-02,0.3633997107621631,0.21105409358903568,0.1072157307367666,0.08781806545660739,0.062055404042270855,0.03727470099885105,0.02844325571376643,0.02357434701750152,0.017589114053972402,0.011562399711961723,1,2,2,3,4,5,8,0.6179744917221283,0.09665393896871598,0.9263702639804386,0.06926641603738097,0.5202468200965229,0.15552072525053268
35,2004-02-27,2004-03-01,0.29820859203915684,0.20135261660116632,0.1593501789622562,0.1009261782040317,0.05954040156830215,0.04208363248384027,0.029016270328702166,0.028346859442223597,0.017140800844278378,0.013170479551979522,2,2,3,3,4,5,8,0.6268836764620397,0.09299425364416507,0.8779392489647412,0.11887868854530734,0.4003666855854251,0.2358311765748061
36,2004-03-31,2004-04-01,0.2802239845072966,0.25818717775957395,0.1459098978835514,0.10638162250347039,0.05656891449285392,0.03598204596696466,0.026628683055516748,0.022019118177150288,0.015508331585450038,0.010808978104075308,2,2,2,3,4,5,7,0.6927793209421133,0.07873404295884098,0.8735286221386929,0.12404156710567292,0.41644444933971936,0.2201465085225342
37,2004-04-30,2004-05-04,0.30339093637381015,0.2425705179223442,0.1716413578782081,0.10679697803819738,0.04742301054621527,0.026249512297148687,0.024044218736237827,0.016369464623992,0.013396020962125207,0.010704479129895786,1,2,2,3,3,4,7,0.7106817648071142,0.08595373477098621,0.9316290414702019,0.0659153333793767,0.4265841867445842,0.27967693845720903
38,2004-05-28,2004-06-01,0.310476386188551,0.2284380588614148,0.1737806200165933,0.12133401888834844,0.05537507711837753,0.0248188424600598,0.021628673843914488,0.011905643166621512,0.011269135102341808,0.009474713836259788,1,2,2,3,3,4,6,0.7228734938219519,0.08919610070267177,0.8950789347525807,0.1008278657721184,0.4300249345044217,0.26836322615496955
39,2004-06-30,2004-07-01,0.3541600019717689,0.20915813738735695,0.14343935902046304,0.12394402939617144,0.06785984171107215,0.02226754434912567,0.018757774006041898,0.012028360119775624,0.009830339002981036,0.008427211977508375,1,2,2,3,3,4,6,0.684265111436214,0.08932944132350311,0.8963245057989557,0.0997417988416587,0.4431378581550816,0.2496128173257642
40,2004-07-30,2004-08-02,0.3740030989662612,0.19669498243809977,0.14091423726835606,0.12055966172900251,0.07373792249906735,0.0205705155503264,0.015313781494986254,0.010911406323775418,0.00928950908291371,0.00812022664936917,1,2,2,3,3,4,5,0.6782715767117835,0.09876684391251224,0.8776694958908366,0.11848740559254613,0.4931245545146253,0.1957205266993287
41,2004-08-31,2004-09-01,0.386321721193397,0.19864012929601432,0.14762530366531632,0.09344450857450261,0.07772944095596203,0.021438673777822888,0.013576975836979581,0.012042105625438492,0.010738965689802288,0.009052842804356245,1,2,2,3,3,4,5,0.7050773875592248,0.09025907889352897,0.9633008106397476,0.033539797130482406,0.5142947639444179,0.20249186972947927
42,2004-09-30,2004-10-01,0.3661315082561679,0.18609914398493513,0.17113106405404743,0.08594012762060724,0.06479601594365231,0.0319022721562921,0.0186745187333751,0.01607432966093943,0.012987231682461362,0.00948578200696695,1,2,2,3,3,4,6,0.6655887390569333,0.10899209814799925,0.9642419344906814,0.03292660852075257,0.4776269963236154,0.2499630362816004
43,2004-10-29,2004-11-01,0.3655850469424991,0.19665987346371974,0.1526143984930926,0.09764881927807254,0.06144353744494302,0.03613516760950483,0.01755336127233707,0.015709767620353404,0.011007413063544242,0.008599210722957735,1,2,2,3,3,4,6,0.6503971223951354,0.1329365789605975,0.9707141694241012,0.02621488959258304,0.48822725595482663,0.22913111921936302
44,2004-11-30,2004-12-01,0.40199505074855246,0.181971199915561,0.1241917042587474,0.0930076915356236,0.06020650906909456,0.03285012770915131,0.028482526294084487,0.01488666355282442,0.0115630339994577,0.010097360478945471,1,1,2,3,3,4,7,0.6071125840097182,0.15283380491530338,0.9601777458913691,0.03622513612984715,0.5202146462752879,0.19500968221313084
45,2004-12-30,2005-01-04,0.46457688636134326,0.18791012970012352,0.12908984303615406,0.05854641034367037,0.042397180354957056,0.03216342584281291,0.02209814937387541,0.012013030140804426,0.009263563857236186,0.00892875799678225,1,1,2,2,3,4,6,0.593452689446703,0.1824312863269979,0.9647346251314556,0.031908233969440085,0.5893878772953007,0.21920436591418493
46,2005-01-31,2005-02-01,0.46508314711080023,0.2191730828345717,0.11875107137166704,0.04955477086457685,0.04291976019510643,0.02809504731979163,0.019151859848150918,0.010286291687295336,0.008217431562082182,0.007676971443046066,1,1,2,2,3,3,6,0.6615172021637559,0.13223876158091835,0.9345830975700907,0.060963626570061,0.6034233881851426,0.21994429378336097
47,2005-02-28,2005-03-01,0.43884170476465173,0.20295449074156396,0.1579637638687585,0.05654618642077528,0.04759802650276192,0.02712486176327676,0.01556777409741831,0.010590637947337011,0.00918995928605179,0.006662407590142217,1,1,2,2,3,4,5,0.6743421328399416,0.13901206469360142,0.9372430474008392,0.05824857650912965,0.5841007454439683,0.24467359930845686
48,2005-03-31,2005-04-01,0.300226972460675,0.25720101111674165,0.13878428288195,0.1097004902448118,0.07492635558891163,0.03134414617526705,0.020599401431601168,0.014883784565098916,0.009788691928506205,0.009367509517738131,1,2,2,3,4,4,6,0.6863438161984738,0.1281099045395986,0.8258672611399397,0.1610938174552877,0.4576077486843141,0.22301425269192376
49,2005-04-29,2005-05-03,0.331809999936422,0.28492695161061254,0.12289381786910179,0.09364831096178543,0.054198962030827365,0.027625608671579815,0.019064735846865244,0.0156956693453883,0.010351593512435782,0.007790334662184739,1,2,2,2,3,4,6,0.6898544139952644,0.1503394175153278,0.7791126715045184,0.2043701332340763,0.515470068842376,0.1985741921145098
50,2005-05-31,2005-06-01,0.3270613469161553,0.27996188341516665,0.11730120957702171,0.08403850053664465,0.07187120963983727,0.027036210452935076,0.021303759533077882,0.017554837769250573,0.011047464743431504,0.00784049782858124,1,2,2,2,3,4,6,0.6808733094648135,0.15233499110840035,0.6865207625064002,0.29405143082076896,0.4780502008616213,0.2041634332769139
51,2005-06-30,2005-07-01,0.40257944336048024,0.2623937333091875,0.10491188102776484,0.06484927818024891,0.05713666677020008,0.02409849480308287,0.018609041998914232,0.011964200660275164,0.01055303491220444,0.008723176660911632,1,1,2,2,3,4,6,0.697407837163773,0.14790942053930345,0.6829505229143527,0.30242867847370675,0.5891413982303534,0.1675689982436732
52,2005-07-29,2005-08-01,0.38535061699346124,0.2132130334557426,0.16663222093095717,0.06768723805269239,0.05556187812761044,0.026491081633539762,0.01625932642536391,0.012962170788832987,0.010844619076850586,0.010151079375202597,1,2,2,3,3,4,6,0.6133870511071086,0.1929360014870206,0.7870751168203365,0.2054145149932532,0.5144664100236203,0.2750088390831149
53,2005-08-31,2005-09-01,0.42086830450392615,0.20414336049739332,0.1500320409757073,0.06468045509036856,0.05171791862853783,0.023999264052154964,0.016081314727436,0.011566120477728674,0.00986926627029,0.008903759292971537,1,1,2,2,3,4,6,0.5938215430442786,0.19102822837196234,0.8893220711998255,0.10815995345919036,0.5508243825132229,0.25769256617688663
54,2005-09-30,2005-10-03,0.40672590443021955,0.20833718078671337,0.14371551430165913,0.07508031645957385,0.06106046499471638,0.02859641812278073,0.015355782400691343,0.011326167270488597,0.009390822790890655,0.007037773853824195,1,1,2,2,3,4,6,0.5762987290868573,0.22689106707254364,0.9095228266945012,0.08642655555057271,0.5216155138231996,0.2533608175310852
55,2005-10-31,2005-11-01,0.40891704006823304,0.2630896027246749,0.09377884172649331,0.0763381252165364,0.05385030988428146,0.02222287511179108,0.017448523906456268,0.012838742948185346,0.010677447317476349,0.008398336084941548,1,1,2,2,3,4,6,0.6791887356751841,0.16470927104941613,0.8266341851779394,0.16893302231106597,0.6006664609394452,0.15371138490229205
56,2005-11-30,2005-12-01,0.3894081148760016,0.26694568910025757,0.0952024684159817,0.06511545798689308,0.05390587242012508,0.031139677193252994,0.021054139657318185,0.017102603165640537,0.0113718888873135,0.009607916909735267,1,2,2,2,3,4,6,0.6337633237821372,0.19250896795620315,0.810552268913983,0.1838997579549618,0.587332626437966,0.16542933559779377
57,2005-12-30,2006-01-03,0.3649431799619394,0.24061786093156878,0.12451981928315131,0.07769420044960684,0.04554371379086474,0.026435450998869306,0.02540573387077492,0.022691163535082385,0.016677690545679517,0.01190303583423007,1,2,2,2,3,4,7,0.6557082939204048,0.149552859030787,0.8495103690364907,0.14680247045604064,0.4991601509777965,0.2195509330642729
58,2006-01-31,2006-02-01,0.3423449100323794,0.19948649016131423,0.15255671508241045,0.09025203277547308,0.07028371510765706,0.028993455951613106,0.025329918643285213,0.019975882490343436,0.013443665311021952,0.012104140011702286,1,2,2,3,4,5,7,0.513012684816575,0.2414453540221868,0.9158839387152147,0.07999664952594157,0.4055339109923995,0.22304647587105678
59,2006-02-28,2006-03-01,0.35444531366126714,0.2068232406344168,0.16466206055321245,0.09797696844155039,0.06158784155514316,0.022620890276937297,0.01955082817494715,0.015128084045912737,0.012074258830148645,0.010875204714502004,1,2,2,3,3,4,6,0.551127988536634,0.2362190974430579,0.9130020097292262,0.08219165882846247,0.42128437373748157,0.2546248054144583
60,2006-03-31,2006-04-03,0.3684938308921674,0.22262753969275648,0.14334589384600296,0.10487091597648454,0.05750787380240673,0.023887640253828283,0.016115046735721433,0.011668167126624517,0.011093848946810434,0.010311231141360015,1,2,2,3,3,4,6,0.560881943104198,0.23136401259756734,0.9090180710281279,0.08725043818419494,0.4387787812217373,0.27351634876431913
61,2006-04-28,2006-05-01,0.46060699814288003,0.1421004297472591,0.13217603763614835,0.10748765342485915,0.0577921836558748,0.019310029166465074,0.01799867676346341,0.013247608096251473,0.01124344254990455,0.009440369135786065,1,1,2,2,3,4,5,0.5366287254767197,0.21806654643852413,0.9543419806895014,0.04202400666125781,0.5541067974359025,0.16813203342925817
62,2006-05-31,2006-06-01,0.5117425176106322,0.1530565035575451,0.10266729290118005,0.07690454075321794,0.06147930988462223,0.024203770100673528,0.014594066624875439,0.012735208208058103,0.009883424165079849,0.0072001260327992185,1,1,1,2,3,4,5,0.6539022125419289,0.1287273406232972,0.9381396327646161,0.05850605782636299,0.636088464652281,0.12955758015256483
63,2006-06-30,2006-07-03,0.5559054021782868,0.19200882116923876,0.07541555531251254,0.059227000599569424,0.03635835903659238,0.020479011550686252,0.013811977430404375,0.01098678121902483,0.008530888759209364,0.006028005895716371,1,1,1,2,2,3,5,0.7459664631161076,0.10331315281364496,0.912563583562554,0.08415064861016573,0.729204510108882,0.10099717210333505
64,2006-07-31,2006-08-01,0.46975549788719934,0.24082284040599353,0.08692374053391248,0.07140340279418154,0.0489190666918507,0.018142031461182397,0.013579949916565819,0.011209025786180932,0.008688710951638857,0.00651997834475243,1,1,2,2,2,4,5,0.7723984787399226,0.09511208356245514,0.9052663940871786,0.09190905047080877,0.6678665934646728,0.12225488293870719
65,2006-08-31,2006-09-01,0.42158896671716917,0.23032351798033354,0.10819599247197943,0.08896275863301341,0.06047174410078169,0.020379348478529104,0.015093371909930018,0.011665657808769846,0.010176585926367726,0.006521569774044237,1,1,2,2,3,4,5,0.726088536826606,0.12239345038380316,0.9171284209596675,0.07997834193427021,0.5983842991553114,0.15148634161718086
66,2006-09-29,2006-10-02,0.33022474226176374,0.2138329201572499,0.18365824759569374,0.09145022652767446,0.07549455365112404,0.027206446616686506,0.016445038109400956,0.013547464290063729,0.01032506086947129,0.007977654430438918,1,2,2,3,3,4,6,0.5898026079775482,0.1955582545290238,0.9376810317801545,0.05778062171765378,0.4253862670841686,0.28516719783609024
67,2006-10-31,2006-11-01,0.3654806207166561,0.2339388403564174,0.12172846370333638,0.10421295742505013,0.07873649174741522,0.018853431407031176,0.016881172063663834,0.012865989972146564,0.010543315182667224,0.0079596019628095,1,2,2,3,3,4,5,0.4415794604975232,0.2809653598709941,0.9599021359293369,0.03605832456174455,0.4264392522597536,0.2785282151756958
68,2006-11-30,2006-12-01,0.3792003566962876,0.21088868561398286,0.11988543707056942,0.10345312249869994,0.08897499667810564,0.019677938053996587,0.017067349840055195,0.014522667956682283,0.010346773394872943,0.00802426449982264,1,2,2,3,3,4,5,0.4494000022301501,0.2932345995644032,0.9594009083524772,0.03778593068291541,0.43620435116863476,0.24925700826305403
69,2006-12-29,2007-01-03,0.3602044172288609,0.19442972427847496,0.13047312566019897,0.10967777754178694,0.09633051743764626,0.02605986900587308,0.015951036177291083,0.013732069911979707,0.01128869111127272,0.010113575581563995,1,2,2,3,4,5,6,0.4993366333053264,0.23264118283817994,0.9620656474374176,0.035414373913180634,0.4252165065036258,0.23519666249092547
70,2007-01-31,2007-02-01,0.4432299543611292,0.13900073672351626,0.1373995519755604,0.10261255923503795,0.07170042738228063,0.022809037976332474,0.017663395495946106,0.013758928025730609,0.010708706085825049,0.009471107900715644,1,1,2,3,3,4,6,0.49748200927634717,0.25249683444385157,0.9467041529542676,0.05037746521263223,0.5179641083496687,0.17750503864802367
71,2007-02-28,2007-03-01,0.4168667909571946,0.1893508187687163,0.13513238228060806,0.10077517209260385,0.07324415272035703,0.015939107692384446,0.013041922516677958,0.012126248352387282,0.00811134143289585,0.007753743914019229,1,1,2,2,3,4,5,0.6468415249639995,0.15941634730978757,0.9301928692980511,0.06629111755328422,0.5173665172067822,0.18965730995224703
72,2007-03-30,2007-04-02,0.4170782722127766,0.21238976039202007,0.11493894408385218,0.10287458058634368,0.07007454807440355,0.015489194016159974,0.012818475418719846,0.010030522185621095,0.00962876866312256,0.007807757314478336,1,1,2,2,3,4,5,0.7208311207182266,0.1184478863123448,0.8694314651998052,0.12598845189922997,0.5303484339910642,0.16455226224471003
73,2007-04-30,2007-05-01,0.334686904929942,0.21800689594317785,0.14224066280056244,0.11403912011208868,0.0987109360478387,0.019955284492346088,0.012852135788828545,0.011846941720524097,0.011179326327022869,0.007764006848596558,1,2,2,3,4,4,5,0.7872573575560353,0.05933472104513485,0.8754036121578729,0.12026681753671144,0.3957214901727848,0.21769484093268424
74,2007-05-31,2007-06-01,0.3149421087500125,0.2049618819211635,0.18524459735269944,0.11692800909692397,0.08505269677065568,0.018545381269872444,0.0152669563945816,0.012299338575634014,0.010034238547847086,0.00818693190526926,1,2,2,3,3,4,5,0.7455896742283619,0.06816891619629327,0.8737679245945967,0.12130552318363774,0.3590974355570424,0.2893327170669588
75,2007-06-29,2007-07-02,0.3089323567121827,0.20682809538332683,0.19809013595737437,0.1267396330478646,0.06828671752236393,0.017250079789802267,0.014373198025941154,0.01155176835790669,0.00981055252656276,0.008037315310021406,1,2,2,3,3,4,5,0.7535501329029424,0.06114805336883756,0.9055623041646567,0.09067674149477921,0.38512996880677053,0.2883813621309886
76,2007-07-31,2007-08-01,0.36650011761438506,0.21053900654642826,0.14065651185005837,0.1153365296105734,0.07391020188533202,0.01610971204900517,0.015352891760802477,0.012176721311509583,0.010788252556569873,0.008627069197129222,1,2,2,3,3,4,5,0.8187611598116655,0.04846268858628771,0.7099300107467392,0.28309512270533876,0.38987494867257183,0.23682692932964067
77,2007-08-31,2007-09-04,0.4878959819532735,0.1943268017430319,0.09576380520776577,0.06975050906017027,0.06067189278808765,0.019622121724677984,0.016321101048551976,0.011336224296769738,0.00929902532067178,0.008281350981079705,1,1,2,2,3,4,5,0.8439469237886638,0.04343770729926833,0.6625817469723619,0.32525236442091104,0.45616751040912973,0.21571508279028562
78,2007-09-28,2007-10-01,0.5167981335496882,0.20100834443269724,0.08297720201114525,0.06769333387177182,0.04115366804736949,0.01856780322123737,0.016465996483908802,0.009625212981905698,0.009061308260903669,0.007388878295976864,1,1,1,2,2,3,5,0.8501285054379026,0.03867147234364259,0.6485466072690392,0.3352928887716611,0.5042541996613482,0.1991836790383345
79,2007-10-31,2007-11-01,0.4691419892465505,0.24590030307325123,0.0813013247952179,0.06104042220272831,0.04730485676987792,0.019461464289052394,0.013673673082807593,0.013083935940815835,0.009025689079451714,0.008180614115908494,1,1,2,2,2,4,5,0.8204687688334515,0.05568166975200819,0.7657410622739521,0.21727891068772462,0.5502769009558482,0.18200225088767855
80,2007-11-30,2007-12-03,0.40915291469209314,0.3335035094679699,0.06889886129646726,0.051031157661808706,0.03247954424490798,0.02378746586744374,0.019326371099889435,0.011353984805049127,0.010491224376002093,0.007557610060641525,1,1,2,2,2,3,6,0.7736960858407952,0.08842074030606804,0.7955804260940382,0.1807047740310479,0.6507154218213288,0.1478535075985645
81,2007-12-31,2008-01-02,0.41894244591503677,0.3240320376343184,0.06939523345477788,0.04442187015529301,0.03042043580208759,0.027009017070608692,0.020670189266153494,0.014322420022520647,0.00953835034381242,0.007938699109856312,1,1,2,2,2,3,6,0.7632478591928549,0.09211948503241511,0.8675122573655906,0.11352935899867993,0.6640857147785494,0.14893181350735063
82,2008-01-31,2008-02-01,0.44820287389776536,0.26831074621590034,0.061413402628048994,0.05400465918176994,0.03774306252478934,0.03638898046813669,0.02519210826771558,0.01658810325855327,0.013586828674931955,0.008365774595530161,1,1,2,2,2,4,6,0.7193822950801854,0.09769583616231951,0.8240366304148784,0.1581947258086295,0.6353284010292419,0.15463635936964143
83,2008-02-29,2008-03-03,0.4522430031386011,0.22736175952512785,0.076825985774191,0.05718587988673288,0.04195609134637322,0.036782836416396646,0.029613251621435913,0.025858700371507993,0.012497079254666664,0.008852790321741461,1,1,2,2,3,4,7,0.7031080357918672,0.10021239167109279,0.8531697135760236,0.13357016795049387,0.5429796742942461,0.20746478333224647
84,2008-03-31,2008-04-01,0.4315050836056224,0.2765845402466357,0.08465625667103956,0.05096406147669562,0.03841919168195264,0.030663531125525105,0.02152811013361885,0.0191125152529012,0.012263487701886368,0.008698152943260689,1,1,2,2,2,4,6,0.729224638956786,0.10757925904650821,0.8195398621465573,0.15389728668209804,0.602671807756075,0.18554892623242641
85,2008-04-30,2008-05-01,0.4226897408335662,0.2951291320577465,0.08490921292811442,0.05385908286809595,0.04087717244082641,0.02214379311220295,0.02121342320629733,0.013312479432748174,0.010313250333174836,0.008120075979339496,1,1,2,2,2,3,6,0.7466692725818653,0.11020935618105372,0.8244205259111993,0.14838811525570522,0.6214123544483644,0.16870042240383834
86,2008-05-30,2008-06-02,0.38963088660360085,0.31885205647349296,0.09339248257209111,0.055352651320189315,0.04753787776425739,0.025678560407507472,0.013193818957246757,0.010908903982292623,0.009286954299139756,0.00833521653179584,1,2,2,2,2,3,5,0.7312295881083599,0.14688506824233008,0.8327397593283727,0.14071422368918987,0.5845266374221432,0.204164087343867
87,2008-06-30,2008-07-01,0.42204312373239583,0.20008818376340234,0.12610405060716937,0.06670528507039894,0.06459754188115355,0.04974318017804131,0.014557630022158803,0.012119701458434143,0.008147373428275052,0.007280653919155582,1,1,2,2,3,4,6,0.6874745936942914,0.16253375510051038,0.8219623369329465,0.16404982644037594,0.5237267757894464,0.22633550267424593
88,2008-07-31,2008-08-01,0.4279409821776852,0.18787092448222667,0.13303011933661765,0.07413175776167182,0.06261275842333429,0.04626327482796832,0.01896851050593987,0.011517546775967332,0.007917711692925967,0.005260991979345232,1,1,2,2,3,4,6,0.6495882103755445,0.1943078121583724,0.839251417832981,0.14035998241729494,0.515607643720697,0.25201244665605993
89,2008-08-29,2008-09-02,0.44434804047750526,0.19525089431921974,0.10877523617767991,0.06942920369161136,0.06087836267085035,0.05507044273882456,0.018632510211381438,0.010230046336419026,0.007217764756377455,0.006553014797269792,1,1,2,2,3,4,6,0.6630140141289398,0.1853066386963643,0.8206015109515363,0.15447955584111628,0.5480104284651148,0.2037618900302094
90,2008-09-30,2008-10-01,0.4697981070146056,0.2696040072167618,0.0672307020158343,0.06300390004008773,0.037229763328260106,0.031779814592713736,0.018625026959254266,0.009342668792414726,0.007696599011784001,0.005675236851854807,1,1,2,2,2,3,5,0.799400225208181,0.11154520002038071,0.6354300578064385,0.287633337085865,0.5691715472167729,0.16910784554320155
91,2008-10-31,2008-11-03,0.5972485881904647,0.21584441264630072,0.04396613700918552,0.03815296160421484,0.027383255605189553,0.018033878608802206,0.016067578743394442,0.01173776372149505,0.008944500788516756,0.004795065909383112,1,1,1,2,2,2,5,0.8589227357351332,0.06736994719031285,0.6017689018703914,0.33853198775847515,0.6562439068170561,0.14661857748390658
92,2008-11-28,2008-12-01,0.6709377367192985,0.16633223209367973,0.039671857236811485,0.03405543812699497,0.023509179373721174,0.013385541784662489,0.012056513373253284,0.010774341673520342,0.006568118105351372,0.005782267704425715,1,1,1,1,2,2,4,0.8888464774193569,0.0520861419938177,0.5909626573957283,0.3466804042989069,0.6877895807601672,0.14529795952167873
93,2008-12-31,2009-01-02,0.6603621259825564,0.16733755358694666,0.04320165213530085,0.031258448707233794,0.024056393625574518,0.01633828993949256,0.014185249257889197,0.010207064093299063,0.009095331644765194,0.004799408898779753,1,1,1,1,2,2,4,0.8932882516847568,0.05015782065608827,0.7228942439282314,0.2526017669767004,0.6881763331134025,0.127121447266136
94,2009-01-30,2009-02-02,0.6334400883328487,0.18011137471237795,0.046972155217462126,0.03267466414824436,0.030142880960898094,0.024034229632887934,0.010714466309187463,0.009112518216444826,0.006477399527053581,0.006392686177603598,1,1,1,1,2,2,5,0.8830671922619302,0.05458368916911508,0.6438063104182657,0.3271047085551624,0.6980962616946012,0.11944997779488514
95,2009-02-27,2009-03-02,0.5289960437391966,0.2440457862787276,0.0637915429347547,0.040045933367932364,0.030549347513842553,0.026741734391906132,0.01660561028372565,0.009942351840460698,0.008393596061181185,0.00640687622024124,1,1,1,2,2,3,5,0.8517900772079701,0.058096326416141555,0.560260320848773,0.42182046458970507,0.6531431217584757,0.14461191179420205
96,2009-03-31,2009-04-01,0.5976813981351374,0.1882859206634497,0.06811684833002113,0.035830622310177064,0.022811438498182592,0.022434073410372946,0.01497138467917418,0.010593474546666511,0.007988247587585895,0.005865900272688477,1,1,1,2,2,3,5,0.8475894132876511,0.07125721627107917,0.5751536223002318,0.4072688519645671,0.6589343619888806,0.17094850236543532
97,2009-04-30,2009-05-01,0.626984071804336,0.1614993754337263,0.07046660064663618,0.035135043803553014,0.019027096481865857,0.017096344877830866,0.015073847453288644,0.011828931233543056,0.008594684315323519,0.007362727593457506,1,1,1,1,2,3,5,0.8465482491516066,0.0681235107225994,0.6120402047314522,0.3711292262611668,0.6572215129965485,0.19083264320950838
98,2009-05-29,2009-06-01,0.6491386329947342,0.14836433879878805,0.05961013480897892,0.03553684664566282,0.023233923225170566,0.018952812261156207,0.014754882980485504,0.009588513176198842,0.008351484427362332,0.006376469414250582,1,1,1,1,2,3,5,0.846572127354407,0.06715978794916756,0.5941217748481233,0.38167321834116363,0.6520569594520323,0.19221070119267383
99,2009-06-30,2009-07-01,0.614946283306833,0.12184010809747058,0.07320182474622364,0.04350457567485524,0.040551435186927345,0.022808410009363088,0.02002121328883037,0.013738950583950459,0.010552272332603287,0.008746594270434392,1,1,1,1,2,3,6,0.79158584965816,0.08643982219556061,0.6457374269003318,0.336482781377118,0.6001911466637705,0.19434114900581576
100,2009-07-31,2009-08-03,0.5846582631215229,0.13553578858142165,0.06428701797110213,0.06024484016278613,0.03947578893840882,0.029126806561550304,0.02039471571634176,0.01564542465215333,0.011336727357882452,0.009262231031165684,1,1,1,2,2,4,6,0.7743715714207041,0.08376527439305292,0.7649062498712459,0.21892993565780264,0.6394458133081364,0.14825382468598364
101,2009-08-31,2009-09-01,0.5750500785183598,0.10943883762514976,0.09161189713521105,0.06932253466648429,0.04599887732126142,0.026981342388102413,0.019746506777972656,0.010949974785543885,0.009721231113641236,0.00884723589171894,1,1,1,2,3,4,6,0.7706404066302149,0.07081841075351882,0.8031539001081722,0.18391731516323478,0.600293734234046,0.16819487064214478
102,2009-09-30,2009-10-01,0.4951585811293383,0.14359144200463303,0.11909831465080555,0.10825892590677168,0.04625314322582334,0.022190554945492963,0.013568796452958616,0.00981020257867632,0.008127702336627586,0.006038202183246682,1,1,2,2,3,4,5,0.7938777339728049,0.06289491336546722,0.7952118864662163,0.19254164058888323,0.5022349101627108,0.22513933990698526
103,2009-10-30,2009-11-02,0.4863426247294417,0.16664766336592232,0.12210847036461557,0.09756251864092845,0.05295211309382089,0.01853031000261806,0.012262501949490868,0.009055683089511258,0.0067207450650359655,0.0050483781470436586,1,1,2,2,3,4,5,0.8233625471526695,0.05786692868310674,0.7961365415963633,0.19454672802396303,0.48993259886528023,0.22587487711063645
104,2009-11-30,2009-12-01,0.5060628417038205,0.1770802488990107,0.11694811995780366,0.0816285032662448,0.04943477288192023,0.01812765731033754,0.01154346329124912,0.006360264627111835,0.005384353424653483,0.004851216007020055,1,1,1,2,3,3,5,0.8387065940139036,0.05164330515587237,0.8111897244612487,0.17777154758427505,0.5441742843358045,0.19897106210377924
105,2009-12-31,2010-01-04,0.5115435928266867,0.19502798758951037,0.09186441010443491,0.0627070420170382,0.052490936246938465,0.023584758736024954,0.012860228947510677,0.009668707386493466,0.006500450251707456,0.005543554905567133,1,1,1,2,2,4,5,0.8179109051550263,0.05802639577199622,0.9101455744225248,0.07697818483991353,0.5832523458585802,0.19840133879739824
106,2010-01-29,2010-02-01,0.5016843752035347,0.17126592899734405,0.10742383702756737,0.06847149378847538,0.04479917797887868,0.02648773027106545,0.013607831755783844,0.011623800588924782,0.010071135302034288,0.008781896144632031,1,1,1,2,3,4,6,0.7562979562068133,0.06969594674115988,0.8467201665193897,0.13423255835560247,0.5758165074993482,0.19369746242449246
107,2010-02-26,2010-03-01,0.546655988649532,0.16171449660466763,0.10133937513655651,0.05563950126476369,0.04333329917486987,0.019410826041425792,0.015115333234113333,0.010481255866648973,0.009310368654495943,0.00734352553829292,1,1,1,2,2,3,5,0.7844999375735794,0.057444229954583995,0.7583923590754171,0.22529648939996208,0.5874217170315227,0.22095056104708674
108,2010-03-31,2010-04-01,0.4962450309342726,0.26380434778491285,0.07598329942737632,0.0505240266265035,0.03507170863574117,0.015756418410118787,0.013705925161431983,0.009426396608276238,0.00823649064167104,0.005158353714962747,1,1,2,2,2,3,5,0.793051001281252,0.05077968729238764,0.7110759296608382,0.2745789422219584,0.5187277440378648,0.3216265166297216
109,2010-04-30,2010-05-03,0.47215946678025317,0.2675134401432859,0.09227362221956642,0.05483691560601878,0.0351020187626755,0.016539099502774143,0.01256160268972769,0.010864286698319871,0.0066088846184674714,0.005557052389541419,1,1,2,2,2,3,5,0.796648785216463,0.05603961193898535,0.8057475526816188,0.1806323901908388,0.5275906760253463,0.30431603355934833
110,2010-05-28,2010-06-01,0.5189629731580063,0.2312506125709623,0.1017828043400937,0.04739360144026952,0.03420834818644447,0.012775006619412277,0.012167439030202768,0.008525789417045975,0.006637881276170007,0.005232491676892682,1,1,1,2,2,3,5,0.8896497630465529,0.02640210610445877,0.6629160089448703,0.32427297471399213,0.4798442718391215,0.3147936817440637
111,2010-06-30,2010-07-01,0.6043356120298475,0.13504454486672307,0.09557574932908375,0.054634081451990495,0.04333062572406359,0.013640782479885432,0.01292190793027752,0.009189678341262945,0.0064644508759464266,0.004062459975384389,1,1,1,1,2,3,5,0.9051937110139926,0.02433898070564382,0.6778469287482091,0.3120247582667931,0.4204537299901987,0.28749025778923554
112,2010-07-30,2010-08-02,0.6153039777295914,0.13672172207058594,0.08205488005088572,0.062415041808736,0.042198690863751304,0.013675020221169351,0.009701100335707086,0.006894229745418985,0.006104536883719004,0.004445534938287354,1,1,1,1,2,3,5,0.9156652469274277,0.02277639699727817,0.644138705471941,0.34694922105212994,0.45855497286231567,0.22930836522220316
113,2010-08-31,2010-09-01,0.5604856818083164,0.145883121088424,0.09150196949394007,0.07709120026962749,0.05357757155880379,0.016307416436476,0.010498369379576258,0.008249713146514827,0.0061203881973046275,0.005233911347237918,1,1,1,2,2,4,5,0.8875639336494832,0.03004665133655854,0.8385893507815257,0.1532378080555369,0.3690634900614978,0.28692281121856683
114,2010-09-30,2010-10-01,0.5139060688310929,0.190172956735376,0.10264928916029518,0.07908485211512138,0.04388178944239213,0.012825477838281973,0.008998116570612884,0.008382849186008066,0.0072806294227312105,0.0064173614367005714,1,1,1,2,2,3,5,0.8770613116307596,0.030662730307910308,0.9077414121548151,0.08329462288459993,0.4292911540478956,0.26734761569088883
115,2010-10-29,2010-11-01,0.44628090514773944,0.25535840847179064,0.10030035665015903,0.07442842167366197,0.05066443210303737,0.013634660427629583,0.010262437583592746,0.009386711855927253,0.007638096973059807,0.006050314186835481,1,1,2,2,2,3,5,0.8486982569960967,0.03423467786386928,0.9200032084400351,0.06938829618111603,0.44537298315493357,0.2887478844879326
116,2010-11-30,2010-12-01,0.5215985616469369,0.20925888087273453,0.09747805894551786,0.07364385855552605,0.04419346551429003,0.01098832505483038,0.009121049168728391,0.007031381633680618,0.004793207281842694,0.004238821901976796,1,1,1,2,2,3,4,0.8279723251838189,0.04642345289276225,0.8856671634848386,0.10407817503236247,0.6204694339844313,0.16470662116688473
117,2010-12-31,2011-01-04,0.5630064392701042,0.18805561528932008,0.10332998910707286,0.061947122434882484,0.03166379081966478,0.01337045587917301,0.009510007424819073,0.005799903131945019,0.0051125299297441465,0.0037151601993575954,1,1,1,2,2,3,4,0.7893435629335148,0.06795539536981807,0.9179365638299747,0.07221405422489871,0.6525180744424554,0.17224510820337696
118,2011-01-31,2011-02-01,0.562838358102949,0.14010921493753775,0.13746068752313065,0.05651149891609584,0.04084024436199688,0.01361577143163041,0.010407657903205612,0.008410966171121415,0.005931980148135636,0.005467780291006861,1,1,1,2,2,3,5,0.7473130548929442,0.06947906162358039,0.9236858181228198,0.06918218833127934,0.6737677462436379,0.17002246191092507
119,2011-02-28,2011-03-01,0.36885874923485096,0.23149741781968045,0.1601975125245102,0.08457335018147691,0.06012879384346544,0.01794458558962959,0.017160538534155733,0.012707050824584258,0.010194475648646539,0.009318825698967201,1,2,2,2,3,4,5,0.6862587307516602,0.10749497034788374,0.9646512092681042,0.02880635167637226,0.4902961934966553,0.24917027141827658
120,2011-03-31,2011-04-01,0.38177644952172235,0.23593695782776145,0.1542372941909271,0.07829974573119265,0.05545397830188875,0.02268563474803026,0.02023163706540513,0.011958831387375989,0.008852603295458197,0.0070027002314974225,1,2,2,2,3,4,5,0.7363765311525838,0.09738230133033227,0.9206220135866832,0.07263481985584025,0.45525030482691314,0.2729292188418086
121,2011-04-29,2011-05-02,0.3834876338586855,0.20357998323915455,0.14332854018169489,0.1132713931606154,0.06606842331572468,0.02285872235879145,0.019904062354929548,0.01025510939911768,0.0076570833521078996,0.005770847546838658,1,2,2,3,3,4,5,0.7558114560183514,0.09563219673898574,0.9242445098877189,0.06829851575417593,0.4181078569426778,0.2654175006859827
122,2011-05-31,2011-06-01,0.5147430601306886,0.18377275112622002,0.10510875661703872,0.07721211798797238,0.055590843434109374,0.016529593651589004,0.009319027786295004,0.0075095472335515705,0.006825443381959868,0.005344359278374484,1,1,1,2,3,3,5,0.7553881178288001,0.09899745668340909,0.9142200744301288,0.07844051236406656,0.5818502139842803,0.20015851265231957
123,2011-06-30,2011-07-01,0.5023301773966242,0.16821779478925752,0.12403552025866513,0.08677794857898795,0.05804701760916307,0.01320128639712342,0.012282628418144058,0.006655753303167849,0.006118485115396781,0.004779247533185544,1,1,1,2,3,4,5,0.7735737814657784,0.0827348401087502,0.8997264232143968,0.09129600175157582,0.5590110525086169,0.21257896422893088
124,2011-07-29,2011-08-01,0.4920637751769307,0.1660457223263232,0.13633463015058722,0.08908357323427989,0.056165898309781005,0.01444697614373819,0.010179550860267257,0.0074646565691082745,0.005340758596185636,0.004860216359288871,1,1,2,2,3,4,5,0.8037795286327909,0.0640344830427571,0.9078004515032535,0.08345191425152368,0.5744791969499518,0.18971051239277079
125,2011-08-31,2011-09-01,0.6070922891624064,0.14359810958593033,0.08363575491981948,0.061900616521838356,0.04623415182862601,0.012337643657791634,0.009201237751435835,0.008539116317786075,0.007369266369770491,0.00441891589959219,1,1,1,1,2,3,5,0.9325439634306165,0.021333568716723945,0.7176792302429328,0.27055643583277644,0.39489011109254196,0.2335044569715865
126,2011-09-30,2011-10-03,0.5962207545179812,0.21562531295960208,0.06041524508060621,0.040337009927779714,0.03612968044988823,0.011493833691747607,0.008799349929052631,0.006680538243581513,0.005827120601478322,0.003969380494655954,1,1,1,2,2,2,4,0.9366767079116584,0.01880854575992495,0.6907970649056121,0.2973177950309847,0.5249013558280274,0.23290238198652669
127,2011-10-31,2011-11-01,0.6402205834514824,0.19373563931935314,0.05196946424413912,0.03397841226327295,0.025746313018892818,0.011872261267712101,0.009410546260425316,0.0073101145272549805,0.006621883455031063,0.003766093651465825,1,1,1,1,2,2,4,0.936333469992578,0.01802049827915718,0.5906697292788489,0.3991369088953583,0.5539476566559428,0.2418608217657123
128,2011-11-30,2011-12-01,0.6353989636845891,0.18979365039438117,0.06297705799372491,0.029126832541289276,0.02750744526266238,0.011754143820023395,0.009800160364876234,0.008198021655080068,0.006079346545571386,0.005368980174734702,1,1,1,1,2,2,4,0.9304803948322132,0.01927435664593075,0.6126068115111821,0.37814272746159117,0.6352960713318594,0.19661377741237943
129,2011-12-30,2012-01-03,0.6826401346988457,0.12527002901435305,0.07585209752086668,0.0284074262314425,0.024444075313665856,0.012579874043673828,0.011380095868573331,0.009180561171855053,0.00705854800770742,0.005603037412682761,1,1,1,1,2,2,4,0.9250325399757411,0.020250685583566966,0.6264092809870541,0.36495721570269074,0.6204453559878823,0.19730810618549294
130,2012-01-31,2012-02-01,0.6395046546517035,0.13006119561188595,0.08378153093450345,0.04340468797271063,0.033850711027229585,0.01548490630062714,0.010966433296034334,0.009198178470708484,0.007420793806705487,0.005524261914036898,1,1,1,1,2,3,5,0.9034557026505774,0.028359201943702377,0.7546764420174287,0.23621813379835274,0.5956900560616774,0.19177507822011505
131,2012-02-29,2012-03-01,0.49776555323576654,0.160434077515996,0.1232299607930674,0.07159612614499472,0.05391233412971465,0.02144799451014961,0.012639921481450326,0.010912368047298096,0.00955395224813014,0.007522466886393217,1,1,2,2,3,4,5,0.7964870475749751,0.057355366451617255,0.8870492714906622,0.10407732847861516,0.5245933926601827,0.22479494250814389
132,2012-03-30,2012-04-02,0.4406374962299335,0.16231264899194237,0.10877755124466709,0.10317935943693507,0.08290430331278043,0.020424569412050973,0.01681612259263058,0.01224671794609581,0.009824230204039434,0.008043528126420693,1,1,2,2,3,4,6,0.7155513902566834,0.06818089673805426,0.8462062188500753,0.1438938619775403,0.46150385592525317,0.22774691292796784
133,2012-04-30,2012-05-01,0.47841971902008296,0.1540794065316044,0.10558221725191543,0.08963336971577403,0.0683222420664278,0.020408488765090223,0.015692043252288967,0.014356879319418698,0.009434106963531152,0.00822822645059389,1,1,2,2,3,4,6,0.7801536928296074,0.05582438685205435,0.8666320209992313,0.12200617517646603,0.4913620351245048,0.18938845703655155
134,2012-05-31,2012-06-01,0.438571424461599,0.17697217668508874,0.1510721762008033,0.08258246729556724,0.04602083020812518,0.02319183729723462,0.01569721828229812,0.013049909553116829,0.011139455962570396,0.008094351656972181,1,1,2,2,3,4,6,0.7941293397685093,0.06080694760729866,0.8153176887490396,0.17209737859655502,0.42387505048331314,0.2691013169904776
135,2012-06-29,2012-07-02,0.49907090356018324,0.1724327149501575,0.11781541308644376,0.08030063742337379,0.04993795182045329,0.01891008113447861,0.013263279722040985,0.009146320996759928,0.007801543219359643,0.006332954755831945,1,1,2,2,3,4,5,0.851796212386604,0.04543193009532102,0.7488764760600606,0.24081951964779547,0.4585528366752963,0.2022532728148086
136,2012-07-31,2012-08-01,0.4875214896977031,0.19443584644785772,0.11192519473919953,0.07749206658844124,0.05415969456760841,0.016457976666761874,0.011291800381704704,0.00951127017460892,0.007085164682597378,0.005552149442673787,1,1,2,2,3,4,5,0.8393626857723495,0.04843250743516489,0.7374154300855899,0.249504629473876,0.49877231462244415,0.21096439214136786
137,2012-08-31,2012-09-04,0.5077198296497509,0.15616201299725196,0.10400677172280147,0.09873795834598831,0.05741188188803003,0.017380327707717438,0.010926239650627062,0.008684714131164806,0.0076467446335577866,0.006217244875076252,1,1,1,2,3,4,5,0.8290399375758665,0.05504157839831591,0.8467498389536892,0.14287605501822753,0.5167438025961747,0.18075581672501323
138,2012-09-28,2012-10-01,0.42922839808534696,0.1885063904059417,0.12913232172358458,0.08289029075207477,0.06446621678234923,0.02946466942146045,0.013010653367483587,0.01064231189470922,0.009560793468233793,0.008445214272651111,1,1,2,2,3,4,6,0.7310985342398408,0.09929093336149095,0.860856380470985,0.1255674704914648,0.48037509855225696,0.22931463616708522
139,2012-10-31,2012-11-01,0.39187418329161017,0.15878419095823795,0.1358952266208227,0.12186215247486293,0.0794869129324134,0.026565215372536085,0.018765237801514997,0.013685029376476893,0.012578521410076014,0.009352232026910354,1,2,2,3,4,4,6,0.7186195373891904,0.0917485328513253,0.8512543123683615,0.13234593445298232,0.3834525185186785,0.24341122398685633
140,2012-11-30,2012-12-03,0.4566285460737857,0.14540803417618356,0.12431384922123649,0.0934897081133004,0.07201157966254568,0.02576117612878467,0.017931099642547254,0.013638963431575309,0.011489398050621576,0.009518704253535702,1,1,2,2,3,4,6,0.7674959400794904,0.06668714201338505,0.7781771071197697,0.19367597857873314,0.463258317003621,0.21544341227646516
141,2012-12-31,2013-01-02,0.4355383123920298,0.16308598149442188,0.12335703887221246,0.1120163781562535,0.059999912770422346,0.0232190314239767,0.015604282386329405,0.014443489807756452,0.013739136465221432,0.007204544224036818,1,1,2,3,3,4,6,0.780066663497036,0.06059065580106823,0.800267752759267,0.1689868274815353,0.4521032735486578,0.21693584963370316
142,2013-01-31,2013-02-01,0.4541230837531242,0.20194193708857658,0.09960233156201088,0.08657581398774737,0.039781849937091926,0.026225162549450457,0.017552001906871194,0.015245290548246304,0.014690973134445395,0.009185495434155543,1,1,2,2,3,4,6,0.7783725135567423,0.05753551618299494,0.7786812801920079,0.20155986886962893,0.5105640009511183,0.21486273429734185
143,2013-02-28,2013-03-01,0.4044288613091576,0.21612790692057993,0.12295439580008163,0.08057030660214494,0.046368652031088455,0.030604618290047722,0.021128769314688663,0.016005809207016223,0.015089649261005146,0.008785298238127568,1,1,2,2,3,4,6,0.7686528701667824,0.06481888287820638,0.8351854614061434,0.1485316747594021,0.4483242507886142,0.24044162144273798
144,2013-03-28,2013-04-01,0.39119958589124165,0.18030492936805884,0.14050850175331447,0.08958880550648805,0.0574513407635044,0.034040651916387006,0.02252716973366249,0.017576525413300167,0.013065188549241246,0.010761664524326852,1,2,2,3,3,4,7,0.7506266341884855,0.07812357128418378,0.8499677910805491,0.13703456460898025,0.34665693735806985,0.2658198422999735
145,2013-04-30,2013-05-01,0.47795259962953307,0.17743833135935697,0.14094678525106366,0.05924611894902366,0.0467184867591855,0.028673304343835564,0.013011645278292402,0.011179199893414435,0.010057558803726203,0.008438517193873375,1,1,2,2,3,4,5,0.7639331315110768,0.09261726822271914,0.9021757582183008,0.08871772894646758,0.543614492761309,0.2236719493801826
146,2013-05-31,2013-06-03,0.45087228131719764,0.20429658799180112,0.14238079698137082,0.0603395181983058,0.03526075095889451,0.030635395007897737,0.014865701204547208,0.011520750713763387,0.009939163265622757,0.00949698537050021,1,1,2,2,3,4,6,0.6985043079617066,0.12731114624061216,0.862403821200665,0.13158418424955692,0.5166371242375315,0.27685794737450403
147,2013-06-28,2013-07-01,0.4808308009925397,0.19008503548587308,0.13485541442969357,0.05885306224629658,0.04114022925965965,0.02542790536650016,0.012028843761405904,0.01191483698194847,0.00856457888804907,0.007433492884360932,1,1,2,2,3,3,5,0.7633083303404173,0.10616014370715958,0.7011246532597352,0.29250263374437224,0.58277936336993,0.21697533725584844
148,2013-07-31,2013-08-01,0.4107500405769588,0.2628241751576266,0.15689322793546057,0.053358987497569565,0.030825133956288404,0.022530596385152077,0.010635692347676374,0.009892664934766584,0.008282408340359771,0.006711244797277339,1,1,2,2,3,3,5,0.7471652990810326,0.08849011528341054,0.748659911598337,0.24401531290390693,0.5632296555697432,0.2778220195310705
149,2013-08-30,2013-09-03,0.403146483932054,0.2432062217434016,0.18007674627963338,0.058695458660229835,0.035130400366422634,0.020063560564877462,0.01075474949053258,0.007836381869037115,0.007503392194793512,0.006477142335157376,1,1,2,2,3,3,5,0.7606258043978561,0.073721690920627,0.7814883170424707,0.21189649587874532,0.5437317907187559,0.30279816829254774
150,2013-09-30,2013-10-01,0.45529286463279206,0.22692811230224297,0.11730088740371986,0.07841632504040523,0.03716262446443488,0.021305544300769245,0.012590590325224828,0.009220721677101505,0.008607880315539062,0.006784560693541083,1,1,2,2,3,4,5,0.6478039150534293,0.10285624883784393,0.9036909316437145,0.08912529983083725,0.5591017024096587,0.2775776510538585
151,2013-10-31,2013-11-01,0.3592220400418347,0.236411841795278,0.1302169690293545,0.08960630964111546,0.06861450176494208,0.032431016699178174,0.017860023099859745,0.013807766802144569,0.010071299666562014,0.009175838714090055,1,2,2,3,3,4,6,0.7277535648085479,0.09154199084875564,0.9221689131676157,0.07022643184063757,0.5150101134284325,0.20829771137644926
152,2013-11-29,2013-12-02,0.33222642508493416,0.26620699146097726,0.10301214137218116,0.0930144062770851,0.06942867321771697,0.036255379163015085,0.02587460403649687,0.01397840020728859,0.013471844991294004,0.012228438972884365,1,2,2,3,3,5,6,0.7094690117215744,0.10343288476932647,0.9116875788352655,0.0780326216606486,0.5151846947571401,0.1821246859598778
153,2013-12-31,2014-01-02,0.34517199290703793,0.2830325569774905,0.09287668309502514,0.07393377723666293,0.054116468398165814,0.034114866325763785,0.030779858205387436,0.017889549275589056,0.01365506867749035,0.013186666326673773,1,2,2,2,3,5,7,0.7343585962131712,0.0807285942593437,0.9369137787347593,0.05179804208862903,0.5142187601215544,0.19159550697086092
154,2014-01-31,2014-02-03,0.35168975217095944,0.24127477124601654,0.11388684048286692,0.06934218950394469,0.056951084960045466,0.03613285430979849,0.027636300973046934,0.021507047092693268,0.016501078896349667,0.01298556748921779,1,2,2,3,3,5,8,0.7175886032777413,0.07670995584182165,0.9302491044716662,0.05761764180993656,0.4463830191599618,0.2296771176919914
155,2014-02-28,2014-03-03,0.3575897113307029,0.23183255089571325,0.13912002141012278,0.08104988030757784,0.04904635586734466,0.03378602329668287,0.019922392847976426,0.015797723469750034,0.01186178518132128,0.011109278874402639,1,2,2,3,3,4,7,0.7489096649994399,0.075550582165427,0.9216485456848952,0.06659650881324485,0.4309932238449543,0.25320471732561645
156,2014-03-31,2014-04-01,0.36151348550296963,0.21053362394048497,0.13368518997506032,0.08036417575246559,0.0716647408017041,0.034177815369464334,0.02118088041618984,0.016223153557704456,0.012756044606213466,0.011458520925511025,1,2,2,3,3,5,7,0.7387286557701287,0.08072059603846293,0.9110335742102262,0.07867919171996995,0.40078389985971175,0.2583607840020026
157,2014-04-30,2014-05-01,0.37444187933640816,0.21703979179065455,0.11685123380800432,0.07777145938365922,0.07312602182096144,0.03411676590215595,0.024396417167363564,0.01643551565226134,0.014287334122350174,0.010210366788248642,1,2,2,3,3,5,7,0.741331964336784,0.08419246155894632,0.9290565367219628,0.06120452642867546,0.4453904030932689,0.21359628860664479
158,2014-05-30,2014-06-02,0.33240943036372655,0.21085557069152572,0.11840782237409368,0.10964024259657483,0.07537808792675524,0.0379130435284459,0.027051359354681125,0.017842883217290804,0.015237943368917135,0.011982564281297492,1,2,2,3,4,5,7,0.6958095356612498,0.09504773897524958,0.9466243628142348,0.03928693376254051,0.4058564423831443,0.2109430659587042
159,2014-06-30,2014-07-01,0.3105494679169118,0.2104659783493793,0.13527967794585277,0.1138171076560913,0.06635387141235091,0.039372163629116046,0.029189125771762442,0.02080638375497053,0.016279106567104944,0.011777363993910939,1,2,2,3,4,5,7,0.6627161607825546,0.1090025300350492,0.960301718676022,0.02774354678933349,0.3754519178426889,0.24521004519170073
160,2014-07-31,2014-08-01,0.26941120130864793,0.21982682333847453,0.15665630307329947,0.1112345353779921,0.0658412922175878,0.05429760834132969,0.030321816624669956,0.018875905926033037,0.015105992010359634,0.011862270942515215,2,2,3,3,4,5,7,0.6021639487000445,0.14802564512237623,0.8748286741295564,0.11414201535142537,0.3813048752471287,0.28421087277066626
161,2014-08-29,2014-09-02,0.27251211470765446,0.21504600011257613,0.13930012297605557,0.11192941700737298,0.07899050164640725,0.05039846426910885,0.027767790611233967,0.02180969831411939,0.018439105479344693,0.015598973448571961,2,2,3,3,4,5,8,0.6177499824211224,0.13499141358965047,0.7766856156324652,0.21110442142241337,0.37565747355687923,0.24505939356110007
162,2014-09-30,2014-10-01,0.286096206587738,0.19326677682089125,0.1694822470125092,0.14004156899997083,0.05912027026632805,0.041104406664575474,0.022989437044963985,0.017614366839468792,0.014902918242691894,0.014359448195841328,2,2,3,3,4,5,7,0.658404922408912,0.12649698046696892,0.7146517017838633,0.2756140883831748,0.3646126719541578,0.2621292473872041
163,2014-10-31,2014-11-03,0.36172979896099217,0.17673289669728928,0.15417736811061072,0.1237447679609336,0.0519720913387024,0.03115815302361785,0.021829601613124677,0.01690799387947654,0.01387500947860029,0.010752356697510065,1,2,2,3,4,4,7,0.7387392599340805,0.07321250057638085,0.6567641074155389,0.3349135405879914,0.3284960809997926,0.29153674980310096
164,2014-11-28,2014-12-01,0.3775426078045684,0.21175468338177142,0.14440016061391245,0.09558411859783793,0.05821007380375499,0.029946445649231008,0.019542541295766234,0.012783877540063455,0.010729084043760833,0.007943520258753363,1,2,2,3,3,4,6,0.653312043123581,0.13985559661502556,0.6647696339455584,0.3272044057955292,0.4748699298253074,0.23375764472864655
165,2014-12-31,2015-01-02,0.412636086784039,0.24131687161943877,0.1078904111953331,0.08026841516570486,0.04546965302400449,0.027191816865649285,0.01999753567609653,0.016108242509600523,0.010976656709511638,0.007978519859594399,1,1,2,2,3,4,6,0.6680007533996936,0.1436039683210121,0.6102512039799438,0.3818598450744394,0.5662751067639658,0.19298910747216816
166,2015-01-30,2015-02-02,0.4738108885892905,0.2013108583513857,0.12986864921101074,0.053890746923087506,0.04272106172356122,0.021139633346775204,0.01768499983946884,0.012493614174791234,0.010029172062529032,0.008247491225150356,1,1,2,2,3,3,5,0.6429963769094527,0.15528602698343255,0.6155067413322614,0.3765635743045259,0.6141312668413832,0.22012871219866334
167,2015-02-27,2015-03-02,0.5032779322317089,0.1872237319430059,0.12254125976668512,0.05011068365684168,0.04147423298790377,0.022826318259416025,0.014842312808562259,0.01367413063051137,0.011961287178936894,0.00735978506574549,1,1,1,2,3,3,5,0.6860240602241381,0.10357003487888536,0.7179157925157779,0.2755115493632785,0.6484345431249409,0.19536104527925463
168,2015-03-31,2015-04-01,0.5269502333244603,0.1701125027270546,0.10031353643476164,0.05819957873648872,0.03886637220896206,0.028431331445917616,0.025946764745376216,0.012112863929070542,0.008441088970475599,0.00705528456155886,1,1,1,2,3,4,6,0.6887202253965564,0.10461297809623385,0.8998649107330247,0.09405693466649855,0.6780199487426789,0.14081266507642654
169,2015-04-30,2015-05-01,0.5412589851582255,0.13708945754256774,0.0939944383098178,0.07979875720708512,0.03883516116059709,0.030208944081257214,0.027129929474790284,0.011104797472059521,0.008974400026960887,0.006986278657223745,1,1,1,2,3,4,6,0.6363320787486346,0.11688361913295939,0.9125012822846544,0.08036725320371552,0.6746856862795917,0.12189004703751338
170,2015-05-29,2015-06-01,0.47157320261149266,0.1857672368771464,0.11677720642146715,0.08324129468585198,0.041151002732537426,0.03213300761211892,0.016031318006331004,0.011310534821811356,0.008395076677119764,0.007482496753404258,1,1,2,2,3,4,6,0.7024967355346567,0.1062113392469391,0.9216215868827581,0.07212263748340486,0.6210208253573541,0.15903641054876455
171,2015-06-30,2015-07-01,0.4324167265294323,0.17319591566537618,0.1378303631255049,0.09030236733638097,0.0660142466784739,0.023683312392382586,0.01868307157269775,0.01129920926451519,0.009208386221950549,0.006957495851574891,1,1,2,2,3,4,6,0.6862694084553184,0.08572986238564287,0.9243597589219291,0.06722051671835563,0.5512765896135372,0.20286437647407227
172,2015-07-31,2015-08-03,0.38358793172648453,0.19198420166292213,0.16250179973656578,0.08114249234390972,0.0773773567199582,0.0276403130614225,0.0162418635173267,0.01243247506640159,0.009462693086632824,0.007448556965379986,1,2,2,3,3,4,6,0.7054249058264748,0.09781518666484242,0.9040604829895637,0.08843095324043153,0.5087657376866107,0.2349539293125893
173,2015-08-31,2015-09-01,0.4954391210270212,0.20756134881692623,0.10302853393339974,0.06540504263763952,0.05052395178135538,0.018954355911261687,0.012905884335041822,0.009705989543879422,0.007003338361037212,0.005971755781762249,1,1,2,2,2,3,5,0.8069434713606548,0.07230354529285414,0.8547986691942309,0.1373431440326507,0.6157978386511206,0.16833023944189926
174,2015-09-30,2015-10-01,0.5547636041253028,0.19160008815947105,0.07418864008464973,0.05620539762310175,0.05352071317966174,0.015668339629595112,0.01119344514023859,0.009193956055294277,0.007342517502116264,0.0059492893711650405,1,1,1,2,2,3,5,0.8398264957163961,0.05547239953960349,0.8069703410146749,0.18562571975220823,0.6580621404773068,0.12900493392212015
175,2015-10-30,2015-11-02,0.5713689083275852,0.17810330693475546,0.07706991045647861,0.0605183182571426,0.041416031089742344,0.0176810417272057,0.011429873470023659,0.008560379218410472,0.0076579821132246,0.0048733367216284955,1,1,1,2,2,3,5,0.8240149008536135,0.06296405791911036,0.7457292595788972,0.24840805388322823,0.6709565696668908,0.13415319672604248
176,2015-11-30,2015-12-01,0.5422286273285688,0.13019716832017653,0.12786384257166836,0.06068745898429418,0.04093622488268562,0.02109461191925424,0.01742150731193395,0.01482099545888303,0.0108574705382744,0.006612541477410954,1,1,1,2,3,3,5,0.7460750249354982,0.07545377988047462,0.6725387938190475,0.31999687455362236,0.6015479361535222,0.21351979039234545
177,2015-12-31,2016-01-04,0.47872653763502365,0.17558675021300374,0.12257321930819207,0.06936127904896715,0.032442603585796224,0.026294837774557402,0.0246806802566715,0.017013883085736436,0.013420489952678036,0.007343754854317153,1,1,2,2,3,4,6,0.6840928513486629,0.12130099677518225,0.5622664642862107,0.43254531996057793,0.5874574507050703,0.19978226497462706
178,2016-01-29,2016-02-01,0.5694472805668959,0.16557112825141265,0.08227503126643171,0.055893573103865696,0.025717892194999585,0.024493006917379608,0.017653221177883715,0.015702636759942334,0.00895587964633458,0.007607307965675645,1,1,1,2,2,3,6,0.7589981310725493,0.09732233863979352,0.5407224043867792,0.4499767509841157,0.6867387578782256,0.13994014308983724
179,2016-02-29,2016-03-01,0.6024143543442582,0.15332426998032578,0.07208885026157714,0.0622959160406527,0.02076417003809913,0.019597660120522907,0.015429870578676343,0.01329969996336495,0.011933798894354843,0.006122336491147615,1,1,1,1,2,3,5,0.7625300272527331,0.09107175806863968,0.6034425944500662,0.3903642427276341,0.7200779276954478,0.12488676664067909
180,2016-03-31,2016-04-01,0.623703756465151,0.1369062887862806,0.08126273551980757,0.05540272893687801,0.01746409453795188,0.01606340165858134,0.01387101820118024,0.013012790523830997,0.011606541931643297,0.00655764075979173,1,1,1,1,2,3,5,0.7604326893535864,0.07991848205346393,0.6870902226939835,0.30169629457134567,0.7183430040121077,0.13500542025218668
181,2016-04-29,2016-05-02,0.555977361731389,0.1439473928797548,0.10906466592481684,0.061266913729084944,0.02899445834978792,0.025562461860159136,0.015925773788410497,0.012820501370041931,0.012306842310062287,0.007327954732340945,1,1,1,2,3,3,6,0.6644902023422358,0.09926578107979539,0.6494688210579966,0.33955169603531743,0.6475840353043051,0.16968424522282705
182,2016-05-31,2016-06-01,0.4688402115728246,0.1478183964948611,0.1414326333663734,0.07521648117944002,0.05058979711342651,0.03515364270760516,0.015052776754673067,0.01403642114096323,0.010502801343925462,0.008018410337204726,1,1,2,2,3,4,6,0.6114662035741035,0.12199906109373852,0.6235295891899719,0.36318047172807144,0.5783985064119017,0.20499309303385038
183,2016-06-30,2016-07-01,0.44844704761604093,0.17726697249826087,0.12790887903318202,0.08361809658859562,0.06080861170620765,0.034312292169429166,0.012770804867826837,0.01033191996183664,0.008927349651964504,0.007112565842310164,1,1,2,2,3,4,6,0.710114332108671,0.10492845967261918,0.7227153344158695,0.26384096757847086,0.529721864834335,0.20770024835003517
184,2016-07-29,2016-08-01,0.45781237214251586,0.16795480198558654,0.12134721323338747,0.10749473379246037,0.05901857271294282,0.026630681338517342,0.011700567740300394,0.008634768290390334,0.007737262324762564,0.0061675772594759,1,1,2,2,3,4,5,0.7441022566544259,0.09715121486053285,0.7507037113845224,0.23950445913785023,0.5171583236339645,0.19056016821447525
185,2016-08-31,2016-09-01,0.486620660377992,0.15452732585933868,0.11318058760446864,0.09835307713599228,0.061758966511397374,0.027371618184710997,0.013652673384148144,0.008790195658946984,0.008061902551972353,0.006433045877747388,1,1,2,2,3,4,5,0.7118531722525021,0.10792768689127347,0.7630803253319868,0.22840825641571322,0.5564474647777532,0.1785101959431405
186,2016-09-30,2016-10-03,0.4934762290165934,0.1393433824985506,0.11722210353046414,0.09324483869619218,0.06990972038083629,0.026769772168380057,0.014708707501146154,0.00956722505052217,0.0069277452475301855,0.006018415317031831,1,1,2,2,3,4,5,0.6299242703098316,0.1467673664846255,0.829316081508064,0.16500095142715146,0.5861421813556913,0.15578351709586838
187,2016-10-31,2016-11-01,0.4673341305886135,0.14521982474306566,0.12350175925143078,0.08366386065463446,0.07298014562403743,0.0273293312802342,0.01939215684461446,0.014543857536906435,0.010895591196942429,0.007754337135130989,1,1,2,2,3,4,6,0.591576834864593,0.1393693046193142,0.8559893810258334,0.13640392230123105,0.5787625157807914,0.17843339888641857
188,2016-11-30,2016-12-01,0.4324304890791737,0.14639645188520453,0.139824096983212,0.08326237934895002,0.07143253234102385,0.05180871427500419,0.01768658778475681,0.0124193011234385,0.00948009834541919,0.00925321886714203,1,1,2,3,3,4,6,0.5092159177033694,0.21917186299171373,0.7970232902316015,0.19278156935552263,0.5707101303142061,0.1987490902632737
189,2016-12-30,2017-01-03,0.365980384000136,0.19273956986060878,0.10907306718957542,0.09492111244996158,0.08472528321371167,0.050177404877893225,0.021319070252136977,0.018945559487247198,0.013720837068199883,0.011908520324549738,1,2,2,3,4,5,7,0.37109607105613907,0.28250227776376297,0.8065021114861216,0.18375611845001114,0.4948268457318644,0.25602656407222985
190,2017-01-31,2017-02-01,0.37163363081079936,0.18539876849308976,0.1268878899717104,0.09075644380637679,0.08003296810523525,0.04001825448908743,0.024084365139293372,0.01747497692964323,0.015177617866999874,0.012043609593017101,1,2,2,3,4,5,7,0.3786592095756916,0.2695285330299211,0.8393316120429889,0.1529380935878161,0.5098964705004547,0.2356563087038302
191,2017-02-28,2017-03-01,0.300439241408085,0.19546364592984378,0.14696091228432043,0.10143649821681257,0.07308460552541071,0.050749520772956504,0.03395952251867226,0.02068633318246487,0.015279466137004104,0.01307871221215181,1,2,3,3,4,5,7,0.40896117172089697,0.19792934025173492,0.921917715790818,0.07204062951499086,0.4144118762383697,0.2562803401265552
192,2017-03-31,2017-04-03,0.35737235652578375,0.2058094527009261,0.13583264221502148,0.0754094958401012,0.05355613324582448,0.043875392840836885,0.03331109131137865,0.01964496601335011,0.014858487139621911,0.011076136135911874,1,2,2,3,4,5,7,0.5004584931911449,0.1676402456049748,0.841443417378201,0.1542722512991122,0.4723665310930271,0.2844118510189469
193,2017-04-28,2017-05-01,0.3435302749053178,0.20220793207895316,0.15303902300153058,0.07314622207889805,0.07152888352426277,0.04430682399289217,0.025439385233080293,0.01973293617883082,0.014461542990103844,0.01071923116358979,1,2,2,3,4,5,7,0.5652810747578492,0.14468935796950086,0.8304104572684594,0.16511465330474498,0.4402229954108104,0.30181515405941817
194,2017-05-31,2017-06-01,0.3992695330431672,0.19060521382610243,0.1583496441519011,0.071373808375011,0.06325799829803888,0.03223548819090758,0.017350689791557922,0.013630603204552864,0.011491824548932345,0.008135560115154632,1,2,2,3,3,4,6,0.6103348768466977,0.12536793589371717,0.8255126253425895,0.1702859220321501,0.5239871113604122,0.24850725272010607
195,2017-06-30,2017-07-03,0.3734430017773715,0.23341931574709732,0.12031416285906182,0.0787525170860345,0.07144881134461976,0.029415293513007788,0.022276971650261053,0.015077875819228327,0.011631860919293061,0.008113746831009273,1,2,2,2,3,4,6,0.5023810053714752,0.17452477921659826,0.9264827771876833,0.06931722054643032,0.48772708241130414,0.2835312691180153
196,2017-07-31,2017-08-01,0.3752794952136997,0.19986074586989772,0.11507860675325661,0.10610697601758325,0.07606000928786394,0.045729544596756225,0.021065401949477872,0.013457447737151275,0.010130991609761485,0.007428948487990078,1,2,2,3,4,5,6,0.4155629119393669,0.20792180915221467,0.9153901131363579,0.08075290590148612,0.46939794937625534,0.25660898381421593
197,2017-08-31,2017-09-01,0.3261764736936119,0.20568572862873832,0.14033466573996473,0.11047893521816428,0.08236824786390053,0.049696358721542266,0.023112581409579596,0.011850027391861336,0.009618660673845893,0.008708300184465232,1,2,2,3,4,5,6,0.45378153534045784,0.19787358642399905,0.8678937123823177,0.12349871097932429,0.42063077284912126,0.2799637665584041
198,2017-09-29,2017-10-02,0.30883557840974635,0.2069450078620732,0.14564883237620807,0.11378432201780779,0.08138124012026458,0.05600951825275518,0.02150723744332073,0.014210912315671696,0.010874380926796398,0.009550049752258016,1,2,2,3,4,5,6,0.44787647659828816,0.21716934189711465,0.8974225217740581,0.09259990501327357,0.4084808278928695,0.27555734612044114
199,2017-10-31,2017-11-01,0.32578156189799706,0.21409235576846064,0.15544599639617454,0.0785943879939428,0.07188592226693853,0.041624318272359406,0.023624852111584105,0.019399159860429005,0.014336888264955923,0.012860467900003211,1,2,2,3,4,5,7,0.4821817684425163,0.1597317246887657,0.9078937113937043,0.08185269940526047,0.44997646429308247,0.289999339051948
200,2017-11-30,2017-12-01,0.30412723332354485,0.18481948196851214,0.1571393867147736,0.08578253152694873,0.06784943753600849,0.052087818458290656,0.034021945952070635,0.02610401987428497,0.01787481536301808,0.014375525953178862,1,2,3,3,4,6,8,0.39007947574938767,0.17470533814916017,0.8581052116249182,0.13129779865545174,0.44190970761591886,0.267847118466826
201,2017-12-29,2018-01-02,0.3068946251942283,0.16559729185619348,0.15629767661907554,0.1049918998103687,0.06287149746491116,0.04871646792613296,0.03811265688829858,0.02262656274382878,0.017882822823904524,0.017384159752029026,1,2,3,3,4,6,8,0.4009459360298733,0.17237952186470903,0.8585812158625546,0.1327938374159157,0.4591131383200619,0.253579858589406
202,2018-01-31,2018-02-01,0.27269559788475806,0.1861049920234799,0.14938674171851563,0.10850938615109045,0.06721441251088395,0.05207550581677426,0.04191346835277833,0.02220923085247806,0.021685179361472417,0.017650406160973547,2,2,3,3,4,6,8,0.41142339131854383,0.18343488749027162,0.8362121175309499,0.15288586445354585,0.4366994997197549,0.26100577917217666
203,2018-02-28,2018-03-01,0.500608267997995,0.137699156713058,0.12624097702129913,0.0571445001750008,0.038803443700409224,0.037842863574608164,0.026020403372898987,0.015940663273507807,0.011452761812948962,0.010177886102502089,1,1,1,2,3,4,7,0.7507191972916428,0.06479626208789203,0.7765326022210969,0.2109859236903321,0.4115881167772948,0.3496001516829938
204,2018-03-29,2018-04-02,0.5558862715592473,0.13149896680836326,0.11144446611356007,0.046264837561615445,0.04157412550833844,0.024297596483659208,0.023099458388377896,0.01721984537687981,0.009564736473724722,0.008078013120451498,1,1,1,2,3,4,6,0.7918897872205367,0.06711105968281422,0.739491814618148,0.2451592323048117,0.43088001938202686,0.33883836902162945
205,2018-04-30,2018-05-01,0.5691704495499691,0.13439989652785383,0.0942459611085459,0.047451465625389794,0.04018649031177058,0.026931370467468543,0.026125084285770706,0.014787825933544716,0.010381782196333525,0.009384783959607908,1,1,1,2,2,4,6,0.7947170497060435,0.06543399827056821,0.731047700919277,0.2590457890523729,0.45537089276090403,0.2901761578722089
206,2018-05-31,2018-06-01,0.4736840452162402,0.15888075720596517,0.10810069832189549,0.06430643859952705,0.04677874685172731,0.03538899977722179,0.03000984668029549,0.01957735039164459,0.014466064232822208,0.010845573454225321,1,1,2,2,3,4,7,0.7056761364181509,0.09893354537134681,0.8785180834003569,0.1127800148062105,0.47610270243939534,0.2555220220936625
207,2018-06-29,2018-07-02,0.3690660343066368,0.1805162529734704,0.1351601240747305,0.0797984218299488,0.06216606087304866,0.04143693468391622,0.03743661143092738,0.019698736890536195,0.016905138434697316,0.01396022370475639,1,2,2,3,4,5,7,0.575096365682343,0.15053547786656435,0.8854868518795379,0.10491017788184263,0.4459737122098711,0.27722619598805914
208,2018-07-31,2018-08-01,0.3529096141156491,0.15499031442105313,0.13425223892472019,0.08125009990567031,0.07258762305793068,0.05200427100109487,0.042091623685023886,0.02222990209644253,0.018959837577194827,0.016185688378539752,1,2,2,3,4,6,8,0.41568618632083976,0.19702554645488174,0.9139726084351188,0.07191834606442438,0.4838847082837874,0.24835677400304337
209,2018-08-31,2018-09-04,0.36442300076814993,0.17193950102831684,0.11738729043985749,0.08798331577184584,0.0717651695381084,0.05358902996756795,0.0363146173765577,0.022714574089547385,0.017835437020210582,0.011464055940008844,1,2,2,3,4,5,7,0.4071824153839168,0.20022777198586642,0.8807065134643615,0.09688665553017245,0.48365401254266044,0.24223646695748033
210,2018-09-28,2018-10-01,0.32922219106996514,0.18909036875394902,0.14166224195114493,0.08304605390218957,0.061167189580697195,0.053212518461222935,0.03294426944372428,0.025650151849981647,0.022240073205051995,0.013204868014052719,1,2,2,3,4,5,8,0.3587311861036732,0.19487628478353552,0.9097714440123044,0.07187301970759842,0.41956407777612614,0.2622304966221357
211,2018-10-31,2018-11-01,0.37390844528727946,0.21837664530190795,0.13183195334438946,0.07262063604942003,0.05383129133958575,0.043232166047925145,0.0281819910257245,0.015480095138729347,0.01300412425481627,0.010542776401684125,1,2,2,3,3,5,7,0.6781612278403635,0.10061220897920475,0.8385019090315529,0.14906058206384465,0.4607932273539383,0.27717039881311734
212,2018-11-30,2018-12-03,0.4347705483375835,0.21537693879658273,0.13545856387894492,0.055576029209109354,0.03587862099728416,0.03218575318997738,0.020646899835954493,0.012538451461617361,0.010973909777937255,0.009929051460578297,1,1,2,2,3,4,6,0.7345213701823152,0.0807131704391435,0.7163208813528829,0.2634400476190454,0.5346340997111483,0.27666884583925233
213,2018-12-31,2019-01-02,0.5538642753458913,0.22727866878774586,0.07022384644670578,0.04395900725931565,0.02417015145833117,0.017831061668023392,0.01370305024357293,0.008491263287431182,0.0069807652308338155,0.006692439961267456,1,1,1,2,2,3,5,0.8151113522683964,0.06833946964740635,0.5448507132748507,0.4370945555580224,0.7007346983774039,0.1648838465844644
214,2019-01-31,2019-02-01,0.593790552103194,0.2157595850125991,0.05209382160151038,0.03954016276626798,0.0190606235104059,0.017720994773632318,0.011890017453497336,0.009966541970389929,0.008255492827640582,0.006561623256457427,1,1,1,2,2,2,4,0.8235630914874464,0.05206395017333027,0.5737256473420379,0.40325188323336797,0.7657623016593715,0.11204964993898563
215,2019-02-28,2019-03-01,0.5945467562591001,0.1957642604811151,0.06434625272590272,0.035751988261412675,0.025210079542126364,0.016850946373496965,0.014667021689245458,0.010536302531938223,0.008635281881430824,0.007121604323218243,1,1,1,2,2,3,5,0.8217244921373497,0.053600901265173286,0.568695060985259,0.413759428338049,0.7265099020632364,0.14459767497291318
216,2019-03-29,2019-04-01,0.4587332949292981,0.16076439197852688,0.11364278385681881,0.05855291148245925,0.05716882781292862,0.0412705722681975,0.025949212489875296,0.017240256158900846,0.012691988850268992,0.010163837144942355,1,1,2,2,3,5,7,0.711088222063388,0.09009800882513569,0.7491737616333679,0.23316298729726495,0.4886110488685011,0.24481351024790393
217,2019-04-30,2019-05-01,0.35939017291689684,0.1621711250195263,0.14971142653548378,0.0752160062745652,0.06696456944286304,0.042050301639265875,0.028104961165429564,0.022558765457113664,0.019666974339103735,0.014883219424176511,1,2,2,3,4,5,8,0.5812113978711828,0.09273046552546385,0.8844221010745803,0.10349794207835833,0.44707382725624045,0.2621636183667405
218,2019-05-31,2019-06-03,0.4111361266548042,0.14757495864029072,0.1237840810145594,0.11257703416181547,0.05868936042957457,0.03192347347092492,0.023393662148822696,0.019751184908972572,0.01867762418915785,0.0112878865503696,1,1,2,3,4,5,7,0.670620604733402,0.07945152383449301,0.8706590860376737,0.12183869925382744,0.4288083546893965,0.2357470308791918
